ID,Date,Job,Station,Deviation,Conflicts with,Asked by,Logged by,Built in,Status,Decided by,Decided on,Note
D001,2026-09-18,1160,S00 Safety,Guard-door relay and heater contactor use monitored outputs (CROUT) because the schematic wires their feedback,2-UP template's plain-output safety form,SDC Engineer (from the schematic),dbelliveau,1160 v1.5,Approved,Jason Perry (controls manager),2026-09-23,"Named in the v1.5 cover note; check: CE confirmed 2026-09-23 that R03_Outputs rungs 1-8 are correct, which includes both CROUT rungs"
D002,2026-09-19,1160,S15,S15 reject unload stops the machine after three rejects in a row on a side,template S18_RejectUnload has no consecutive-reject stop,Mark Ruane (site requirement),dbelliveau,1160 v1.5,Approved,Jason Perry (controls manager),2026-09-23,"Named in the v1.5 cover note; check: CE confirmed 2026-09-23 this is a customer request for this machine - the SDC standard is three consecutive failures AT A STATION, not rejects unloaded"
D003,2026-09-25,1158,r01_FlexFeeder,"Flex Feeder robot logic is structured exactly as job 1116 Molex, not the dial standard - 1116 and 1158 use a flex feeder style the SDC standard does not yet cover","SoftwareStandardizationNew.L5X S10_FlexFeedRobot / S10_FlexFeedConveyor, the standard flex-feeder pair",Jason Perry,jperry,,Approved,Jason Perry (controls manager),2026-09-25,"Jason 2026-09-25: no standard program for this feeder type yet; 1116 S01_PickRobot is the pattern. NO TOOL CHANGER on 1158 - drop 1116 state 15, the end-effector match and the S01_Load couplings; everything else matches. Scoped to 1158 only."
D004,2026-09-24,1158,,"When the engineer names a specific reference job because it has the matching hardware (e.g. ""use Molex, it has the right robot, not the standard flex feeder""), that reference is the primary vocabulary/form source for that device, not just a sequencing idea",,,"the general rule ""a reference supplies form, never vocabulary"" is for a reference that predates the standard, not for one the engineer just pointed you at as the real analog. I built job 1158's flex-feeder station off the generic template's Fanuc-cell archetype instead, which assumes a bowl feeder with a Kinetix process-conveyor axis plus Lenze-VFD incline/return conveyors - none of which exist on this machine - and only used the named reference (1116 Molex) for ""sequencing,"" which is exactly backwards. | conflicts with: over-applying the ""reference supplies form never vocabulary"" heuristic to a reference the engineer explicitly named as the hardware match. - Dan (job 1158, caught by Matt/Jason's review after delivery)",,Approved,Jason Perry (controls manager),2026-09-28,"from dbelliveau's lessons | Approved as a RULE, not a machine deviation - nothing was built on it and nothing is waiting. It is a general rule about choosing and reusing a reference, already learned and already reflected in the code. Mis-tagged [deviation] at source in the lessons file; kept here for the audit trail."
D005,2026-09-24,1158,,Copying an AOI (e.g. AOI_Fanuc_IN/_OUT) from a template into a new job is not safe by itself when the AOI's own parameters are hard-typed to a specific module connection SIZE (e.g. `FR:Standard_RobotPlus_24Bytes:I1:0`),,,"that size must match the target job's ACTUAL configured module connection (`<Module>`'s `<Connection InputSize=.../>`), not the template's. Check this before reusing any AOI whose parameter DataType names encode a byte count. When the sizes don't match, the safer fix is a direct `CPS` copy against the real connection (matching a proven working reference job with the same module), not forcing the mismatched AOI to fit. | conflicts with: assuming ""it's in the template, so it's portable."" - Jason (job 1158, real import; fixed by matching job 1116's proven CPS pattern for the identical Fanuc R30iB Plus module at the identical 20/300-byte connection size)",,Approved,Jason Perry (controls manager),2026-09-28,"from dbelliveau's lessons | Approved as a RULE, not a machine deviation - nothing was built on it and nothing is waiting. It is a general rule about choosing and reusing a reference, already learned and already reflected in the code. Mis-tagged [deviation] at source in the lessons file; kept here for the audit trail."
D006,2026-09-28,1131,Machine,"Standalone non-indexed platform: SDC machine-services programs (Supervisor, Alarms, HMI, Production, Recipe, MapInputs, MapOutputs, SafetyProgram, StateMachine) with no S00_Indexer and no Tracking Nest[] program; stations are self-actuated state machines coordinated by Public p_ parameters; per-tile progress by counters, not nests","PLAYBOOK Templates row - three platforms, pick one first (Jason 2026-09-23); this machine is neither cam chassis nor indexing dial",Dan Belliveau (2026-09-28: not a dial project),dbelliveau,,Approved,Jason Perry (controls manager),2026-09-29,"Approved. Neither machine on this PLC is a cam chassis or an indexing dial, so the three-platform choice does not apply: the machine-services set stands alone, stations are self-actuated and coordinated by Public p_ parameters, and tiles are counted rather than tracked in nests. Built from v0.1 and unchanged since."
D007,2026-09-28,1131,Safety,"Two safety programs (SafetyProgramLoader, SafetyProgramUnloader) carried verbatim from John Stanko's commissioned code, one per safety zone; no logic changed",SoftwareStandardizationNew template has one SafetyProgram; safety logic changes need the risk assessment so the build does not touch them,"SDC Engineer (build decision, 2026-09-28)",dbelliveau,,Approved,Jason Perry (controls manager),2026-09-29,"Approved. Same reason as D010 - two machines are controlled by one PLC, so each needs its own safety zone and its own safety program. Carried verbatim from John Stanko's commissioned code, no logic changed; any change needs the risk assessment."
D010,2026-09-29,1131,,"Two independent halves in one controller: a loader and an unloader, each with its own Supervisor, Alarms and HMI program (Supervisor_Loader/Unloader, Alarms_Loader/Unloader, HMI_Loader/Unloader). Production, Recipe, Communications, MapInputs and MapOutputs stay single.","The SDC standard project form (SoftwareStandardizationNew.L5X) has exactly one Supervisor, one Alarms and one HMI per controller; v0.1 merged John Stanko's two halves into one on that basis.",Jason Perry,jperry,,Approved,Jason Perry (controls manager),2026-09-29,"Approved. Two machines are being controlled by one PLC - a loader and an unloader - so each needs its own Supervisor, Alarms and HMI. Not the SDC standard, a requirement of this project. Built in v0.4. The machine-wide globals still keep one owner: R10_Global stays in Supervisor_Loader."
D011,2026-09-29,1131,"Supervisor_Loader, Supervisor_Unloader","i_AirPressureOK is a term in each Supervisor's StartOK string (R01 Automatic Mode Start OK), so a start is refused without air. Loader reads io01_InfeedPointIO:4:I.3, unloader Local:4:I.Pt04.","SoftwareStandardizationNew.L5X: the template Supervisor has no air-pressure input at all - i_CycleStart, i_CycleStop and i_FaultReset are its only inputs. Justin Stanko declared i_AirPressureOK on the outfeed Supervisor only and never used it.",Jason Perry (2026-09-29: must be in Supervisor start ok string),jperry,,Approved,Jason Perry (controls manager),2026-09-29,Approved. Required for this machine: a start is refused without air at the operator station. Built in v0.5 on both Supervisors.
D012,2026-09-29,1131,"S03_InfeedGantry, S07_OutfeedGantry",The PNP XZ servo permissives are much more involved on this machine compared to our standard. What Justin developed must remain.,the S05_ServoPNP master permissive form (Jason 2026-09-17 permissive ruling),,"Jason, 1131 v0.4 review",v0.5,Approved,Jason Perry (controls manager),2026-09-29,"Built in v0.5: S03 carries Justin Stanko's P04 X/Z permissive network verbatim (ZAboveBelt, XPastBelt/XPastCart, direction bits, camera-retracted interlock, cart-safe from S01); S07 carries his P06 network (zones, clearForward/Reverse, laser stack height, gauge permissive, cart-safe from S09) and his R06_ConveyorTracking. The S05_ServoPNP master form has one permissive term per axis. Asked by Jason, 1131 v0.4 review. Approved. Justin Stanko's X/Z permissive networks stay as he developed them; the machine's zones and interlocks need them. Built in v0.5 (S03, S07)."
